method,total_time_s,total_requests,total_bytes,avg_latency_ms
beautifulsoup,51.772721159999946,30,6837668,1114.6007931665736
api,5.957559155000126,60,44674,226.88973383330904
